{
    "data": [
      {
        "sNo": "1",
        "name": "John Smith ",
        "phone":"+1 843-443-3282",
        "img": "assets/img/profiles/avatar-14.jpg",
        "mail":"john@example.com",
        "content":"Lorem ipsum dolor sit amet, consectetur ",
        "date":"15 Dec 2022, 04:35 PM"
      },
      {
        "sNo": "2",
        "name": "Johnny ",
        "phone":"+1 917-409-0861",
        "img": "assets/img/profiles/avatar-15.jpg",
        "mail":"johnny@example.com",
        "content":" Excepteur sint occaecat cupidatat non",
        "date":"25 Fb 2022, 06:12 PM"
      },
      {
        "sNo": "3",
        "name": "Robert",
        "phone":"+1 956-623-2880",
        "img": "assets/img/profiles/avatar-16.jpg",
        "mail":"robert@example.com",
        "content":" Duis aute irure dolor in reprehenderit",
        "date":"04 Dec 2022, 12:38 PM"
      },
     
      {
        "sNo": "4",
        "name": "Sharonda ",
        "phone":"+1 707-439-1732",
        "img": "assets/img/profiles/avatar-17.jpg",
        "mail":"sharon@example.com",
        "content":"Excepteur sint occaecat cupidatat non ",
        "date":"14 Dec 2022, 12:38 PM"
      },
      {
        "sNo": "5",
        "name": "Pricilla",
        "phone":"+1 707-439-1732",
        "img": "assets/img/profiles/avatar-18.jpg",
        "mail":"pricilla@example.com",
        "content":" Sed ut perspiciatis unde omnis iste natus",
        "date":"12 Dec 2022, 12:38 PM"
      },
     
      {
        "sNo": "6",
        "name": "Randall",
        "phone":"+1 707-439-1732",
        "img": "assets/img/profiles/avatar-07.jpg",
        "mail":"randall@example.com",
        "content":"Neque porro quisquam est, qui dolorem ipsum ",
        "date":"04 Dec 2022, 12:38 PM"
      }
     
    ],
    "totalData": 8
  }
  