{
  "data": [
    {
      "id": 1,
      "imgs": "assets/img/category/blog-1.jpg",
      "date1": "31",
      "month":"AUG",
      "img2": "assets/img/profiles/avatar-12.jpg",
      "names": "Alex Campbell",
      "para": "Lorem Ipsum es simplemente el texto de relleno de las imprentas y archivos de texto.",
      "para2": "Lorem ipsum dolor sit amet, consectetur em adipiscing elit, sed do eiusmod tempor.",
      "status": false
    },
    {
      "id": 2,
      "imgs": "assets/img/category/blog-2.jpg",
      "date1": "30",
      "month":"May",
      "img2": "assets/img/profiles/avatar-04.jpg",
      "names": "Barbara Moore",
      "para": "Lorem Ipsum es simplemente el texto de relleno de las imprentas y archivos de texto.",
      "para2": "Lorem ipsum dolor sit amet, consectetur em adipiscing elit, sed do eiusmod tempor.",
      "status": false
    },
    {
      "id": 3,
      "imgs": "assets/img/category/blog-3.jpg",
      "date1": "29",
      "month":"Jan",
      "img2": "assets/img/profiles/avatar-04.jpg",
      "names": "Brian Johnson",
      "para": "Lorem Ipsum es simplemente el texto de relleno de las imprentas y archivos de texto.",
      "para2": "Lorem ipsum dolor sit amet, consectetur em adipiscing elit, sed do eiusmod tempor.",
      "status": false
    },
    {
      "id": 4,
      "imgs": "assets/img/category/blog-4.jpg",
      "date1": "10",
      "month":"AUG",
      "img2": "assets/img/profiles/avatar-05.jpg",
      "names": "Greg Lynch",
      "para": "Lorem Ipsum es simplemente el texto de relleno de las imprentas y archivos de texto.",
      "para2": "Lorem ipsum dolor sit amet, consectetur em adipiscing elit, sed do eiusmod tempor.",
      "status": false
    },
    {
      "id": 5,
      "imgs": "assets/img/category/blog-5.jpg",
      "date1": "11",
      "month":"FEB",
      "img2": "assets/img/profiles/avatar-11.jpg",
      "names": "Jennifer Floyd",
      "para": "Lorem Ipsum es simplemente el texto de relleno de las imprentas y archivos de texto.",
      "para2": "Lorem ipsum dolor sit amet, consectetur em adipiscing elit, sed do eiusmod tempor.",
      "status": false
    },
    {
      "id": 6,
      "imgs": "assets/img/category/blog-6.jpg",
      "date1": "12",
      "month":"JUN",
      "img2": "assets/img/profiles/avatar-06.jpg",
      "names": "Karlene Chaidez",
      "para": "Lorem Ipsum es simplemente el texto de relleno de las imprentas y archivos de texto.",
      "para2": "Lorem ipsum dolor sit amet, consectetur em adipiscing elit, sed do eiusmod tempor.",
      "status": false
    },
    {
      "id": 7,
      "imgs": "assets/img/category/blog-5.jpg",
      "eyes": "755",
      "img2": "assets/img/profiles/avatar-11.jpg",
      "names": "Jennifer Floyd",
      "para": "Lorem Ipsum es simplemente el texto de relleno de las imprentas y archivos de texto.",
      "para2": "Lorem ipsum dolor sit amet, consectetur em adipiscing elit, sed do eiusmod tempor.",
      "status": false
    },
    {
      "id": 8,
      "imgs": "assets/img/category/blog-6.jpg",
      "eyes": "85",
      "img2": "assets/img/profiles/avatar-06.jpg",
      "names": "Karlene Chaidez",
      "para": "Lorem Ipsum es simplemente el texto de relleno de las imprentas y archivos de texto.",
      "para2": "Lorem ipsum dolor sit amet, consectetur em adipiscing elit, sed do eiusmod tempor.",
      "status": false
    },
    {
      "id": 9,
      "imgs": "assets/img/category/blog-2.jpg",
      "eyes": "132",
      "img2": "assets/img/profiles/avatar-04.jpg",
      "names": "Barbara Moore",
      "date": "5 Dec 2022",
      "para": "Lorem Ipsum es simplemente el texto de relleno de las imprentas y archivos de texto.",
      "para2": "Lorem ipsum dolor sit amet, consectetur em adipiscing elit, sed do eiusmod tempor.",
      "status": false
    },
    {
      "id": 10,
      "imgs": "assets/img/category/blog-3.jpg",
      "eyes": "855",
      "img2": "assets/img/profiles/avatar-04.jpg",
      "names": "Brian Johnson",
      "date": "4 Aug 2022",
      "para": "Lorem Ipsum es simplemente el texto de relleno de las imprentas y archivos de texto.",
      "para2": "Lorem ipsum dolor sit amet, consectetur em adipiscing elit, sed do eiusmod tempor.",
      "status": false
    },
    {
      "id": 11,
      "imgs": "assets/img/category/blog-1.jpg",
      "eyes": "225",
      "img2": "assets/img/profiles/avatar-12.jpg",
      "names": "Alex Campbell",
      "date": "4 Dec 2022",
      "para": "Lorem Ipsum es simplemente el texto de relleno de las imprentas y archivos de texto.",
      "para2": "Lorem ipsum dolor sit amet, consectetur em adipiscing elit, sed do eiusmod tempor.",
      "status": false
    },
    {
      "id": 12,
      "imgs": "assets/img/category/blog-5.jpg",
      "eyes": "755",
      "img2": "assets/img/profiles/avatar-11.jpg",
      "names": "Jennifer Floyd",
      "date": "11 Sep 2022",
      "para": "Lorem Ipsum es simplemente el texto de relleno de las imprentas y archivos de texto.",
      "para2": "Lorem ipsum dolor sit amet, consectetur em adipiscing elit, sed do eiusmod tempor.",
      "status": false
    },
    {
      "id": 1,
      "imgs": "assets/img/category/blog-1.jpg",
      "eyes": "225",
      "img2": "assets/img/profiles/avatar-12.jpg",
      "names": "Alex Campbell",
      "date": "4 Dec 2022",
      "para": "Lorem Ipsum es simplemente el texto de relleno de las imprentas y archivos de texto.",
      "para2": "Lorem ipsum dolor sit amet, consectetur em adipiscing elit, sed do eiusmod tempor.",
      "status": false
    },
    {
      "id": 2,
      "imgs": "assets/img/category/blog-2.jpg",
      "eyes": "132",
      "img2": "assets/img/profiles/avatar-04.jpg",
      "names": "Barbara Moore",
      "date": "5 Dec 2022",
      "para": "Lorem Ipsum es simplemente el texto de relleno de las imprentas y archivos de texto.",
      "para2": "Lorem ipsum dolor sit amet, consectetur em adipiscing elit, sed do eiusmod tempor.",
      "status": false
    },
    {
      "id": 3,
      "imgs": "assets/img/category/blog-3.jpg",
      "eyes": "855",
      "img2": "assets/img/profiles/avatar-04.jpg",
      "names": "Brian Johnson",
      "date": "4 Aug 2022",
      "para": "Lorem Ipsum es simplemente el texto de relleno de las imprentas y archivos de texto.",
      "para2": "Lorem ipsum dolor sit amet, consectetur em adipiscing elit, sed do eiusmod tempor.",
      "status": false
    },
    {
      "id": 4,
      "imgs": "assets/img/category/blog-4.jpg",
      "eyes": "555",
      "img2": "assets/img/profiles/avatar-05.jpg",
      "names": "Greg Lynch",
      "date": "4 Dec 2022",
      "para": "Lorem Ipsum es simplemente el texto de relleno de las imprentas y archivos de texto.",
      "para2": "Lorem ipsum dolor sit amet, consectetur em adipiscing elit, sed do eiusmod tempor.",
      "status": false
    },
    {
      "id": 5,
      "imgs": "assets/img/category/blog-5.jpg",
      "eyes": "755",
      "img2": "assets/img/profiles/avatar-11.jpg",
      "names": "Jennifer Floyd",
      "date": "11 Sep 2022",
      "para": "Lorem Ipsum es simplemente el texto de relleno de las imprentas y archivos de texto.",
      "para2": "Lorem ipsum dolor sit amet, consectetur em adipiscing elit, sed do eiusmod tempor.",
      "status": false
    },
    {
      "id": 6,
      "imgs": "assets/img/category/blog-6.jpg",
      "eyes": "85",
      "img2": "assets/img/profiles/avatar-06.jpg",
      "names": "Karlene Chaidez",
      "date": "4 Dec 2022",
      "para": "Lorem Ipsum es simplemente el texto de relleno de las imprentas y archivos de texto.",
      "para2": "Lorem ipsum dolor sit amet, consectetur em adipiscing elit, sed do eiusmod tempor.",
      "status": false
    },
    {
      "id": 7,
      "imgs": "assets/img/category/blog-5.jpg",
      "eyes": "755",
      "img2": "assets/img/profiles/avatar-11.jpg",
      "names": "Jennifer Floyd",
      "date": "11 Sep 2022",
      "para": "Lorem Ipsum es simplemente el texto de relleno de las imprentas y archivos de texto.",
      "para2": "Lorem ipsum dolor sit amet, consectetur em adipiscing elit, sed do eiusmod tempor.",
      "status": false
    },
    {
      "id": 8,
      "imgs": "assets/img/category/blog-6.jpg",
      "eyes": "85",
      "img2": "assets/img/profiles/avatar-06.jpg",
      "names": "Karlene Chaidez",
      "date": "4 Dec 2022",
      "para": "Lorem Ipsum es simplemente el texto de relleno de las imprentas y archivos de texto.",
      "para2": "Lorem ipsum dolor sit amet, consectetur em adipiscing elit, sed do eiusmod tempor.",
      "status": false
    },
    {
      "id": 9,
      "imgs": "assets/img/category/blog-2.jpg",
      "eyes": "132",
      "img2": "assets/img/profiles/avatar-04.jpg",
      "names": "Barbara Moore",
      "date": "5 Dec 2022",
      "para": "Lorem Ipsum es simplemente el texto de relleno de las imprentas y archivos de texto.",
      "para2": "Lorem ipsum dolor sit amet, consectetur em adipiscing elit, sed do eiusmod tempor.",
      "status": false
    },
    {
      "id": 10,
      "imgs": "assets/img/category/blog-3.jpg",
      "eyes": "855",
      "img2": "assets/img/profiles/avatar-04.jpg",
      "names": "Brian Johnson",
      "date": "4 Aug 2022",
      "para": "Lorem Ipsum es simplemente el texto de relleno de las imprentas y archivos de texto.",
      "para2": "Lorem ipsum dolor sit amet, consectetur em adipiscing elit, sed do eiusmod tempor.",
      "status": false
    },
    {
      "id": 11,
      "imgs": "assets/img/category/blog-1.jpg",
      "eyes": "225",
      "img2": "assets/img/profiles/avatar-12.jpg",
      "names": "Alex Campbell",
      "date": "4 Dec 2022",
      "para": "Lorem Ipsum es simplemente el texto de relleno de las imprentas y archivos de texto.",
      "para2": "Lorem ipsum dolor sit amet, consectetur em adipiscing elit, sed do eiusmod tempor.",
      "status": false
    },
    {
      "id": 12,
      "imgs": "assets/img/category/blog-5.jpg",
      "eyes": "755",
      "img2": "assets/img/profiles/avatar-11.jpg",
      "names": "Jennifer Floyd",
      "date": "11 Sep 2022",
      "para": "Lorem Ipsum es simplemente el texto de relleno de las imprentas y archivos de texto.",
      "para2": "Lorem ipsum dolor sit amet, consectetur em adipiscing elit, sed do eiusmod tempor.",
      "status": false
    },
    {
      "id": 1,
      "imgs": "assets/img/category/blog-1.jpg",
      "eyes": "225",
      "img2": "assets/img/profiles/avatar-12.jpg",
      "names": "Alex Campbell",
      "date": "4 Dec 2022",
      "para": "Lorem Ipsum es simplemente el texto de relleno de las imprentas y archivos de texto.",
      "para2": "Lorem ipsum dolor sit amet, consectetur em adipiscing elit, sed do eiusmod tempor.",
      "status": false
    },
    {
      "id": 2,
      "imgs": "assets/img/category/blog-2.jpg",
      "eyes": "132",
      "img2": "assets/img/profiles/avatar-04.jpg",
      "names": "Barbara Moore",
      "date": "5 Dec 2022",
      "para": "Lorem Ipsum es simplemente el texto de relleno de las imprentas y archivos de texto.",
      "para2": "Lorem ipsum dolor sit amet, consectetur em adipiscing elit, sed do eiusmod tempor.",
      "status": false
    },
    {
      "id": 3,
      "imgs": "assets/img/category/blog-3.jpg",
      "eyes": "855",
      "img2": "assets/img/profiles/avatar-04.jpg",
      "names": "Brian Johnson",
      "date": "4 Aug 2022",
      "para": "Lorem Ipsum es simplemente el texto de relleno de las imprentas y archivos de texto.",
      "para2": "Lorem ipsum dolor sit amet, consectetur em adipiscing elit, sed do eiusmod tempor.",
      "status": false
    },
    {
      "id": 4,
      "imgs": "assets/img/category/blog-4.jpg",
      "eyes": "555",
      "img2": "assets/img/profiles/avatar-05.jpg",
      "names": "Greg Lynch",
      "date": "4 Dec 2022",
      "para": "Lorem Ipsum es simplemente el texto de relleno de las imprentas y archivos de texto.",
      "para2": "Lorem ipsum dolor sit amet, consectetur em adipiscing elit, sed do eiusmod tempor.",
      "status": false
    },
    {
      "id": 5,
      "imgs": "assets/img/category/blog-5.jpg",
      "eyes": "755",
      "img2": "assets/img/profiles/avatar-11.jpg",
      "names": "Jennifer Floyd",
      "date": "11 Sep 2022",
      "para": "Lorem Ipsum es simplemente el texto de relleno de las imprentas y archivos de texto.",
      "para2": "Lorem ipsum dolor sit amet, consectetur em adipiscing elit, sed do eiusmod tempor.",
      "status": false
    },
    {
      "id": 6,
      "imgs": "assets/img/category/blog-6.jpg",
      "eyes": "85",
      "img2": "assets/img/profiles/avatar-06.jpg",
      "names": "Karlene Chaidez",
      "date": "4 Dec 2022",
      "para": "Lorem Ipsum es simplemente el texto de relleno de las imprentas y archivos de texto.",
      "para2": "Lorem ipsum dolor sit amet, consectetur em adipiscing elit, sed do eiusmod tempor.",
      "status": false
    },
    {
      "id": 7,
      "imgs": "assets/img/category/blog-5.jpg",
      "eyes": "755",
      "img2": "assets/img/profiles/avatar-11.jpg",
      "names": "Jennifer Floyd",
      "date": "11 Sep 2022",
      "para": "Lorem Ipsum es simplemente el texto de relleno de las imprentas y archivos de texto.",
      "para2": "Lorem ipsum dolor sit amet, consectetur em adipiscing elit, sed do eiusmod tempor.",
      "status": false
    },
    {
      "id": 8,
      "imgs": "assets/img/category/blog-6.jpg",
      "eyes": "85",
      "img2": "assets/img/profiles/avatar-06.jpg",
      "names": "Karlene Chaidez",
      "date": "4 Dec 2022",
      "para": "Lorem Ipsum es simplemente el texto de relleno de las imprentas y archivos de texto.",
      "para2": "Lorem ipsum dolor sit amet, consectetur em adipiscing elit, sed do eiusmod tempor.",
      "status": false
    },
    {
      "id": 9,
      "imgs": "assets/img/category/blog-2.jpg",
      "eyes": "132",
      "img2": "assets/img/profiles/avatar-04.jpg",
      "names": "Barbara Moore",
      "date": "5 Dec 2022",
      "para": "Lorem Ipsum es simplemente el texto de relleno de las imprentas y archivos de texto.",
      "para2": "Lorem ipsum dolor sit amet, consectetur em adipiscing elit, sed do eiusmod tempor.",
      "status": false
    },
    {
      "id": 10,
      "imgs": "assets/img/category/blog-3.jpg",
      "eyes": "855",
      "img2": "assets/img/profiles/avatar-04.jpg",
      "names": "Brian Johnson",
      "date": "4 Aug 2022",
      "para": "Lorem Ipsum es simplemente el texto de relleno de las imprentas y archivos de texto.",
      "para2": "Lorem ipsum dolor sit amet, consectetur em adipiscing elit, sed do eiusmod tempor.",
      "status": false
    },
    {
      "id": 11,
      "imgs": "assets/img/category/blog-1.jpg",
      "eyes": "225",
      "img2": "assets/img/profiles/avatar-12.jpg",
      "names": "Alex Campbell",
      "date": "4 Dec 2022",
      "para": "Lorem Ipsum es simplemente el texto de relleno de las imprentas y archivos de texto.",
      "para2": "Lorem ipsum dolor sit amet, consectetur em adipiscing elit, sed do eiusmod tempor.",
      "status": false
    },
    {
      "id": 12,
      "imgs": "assets/img/category/blog-5.jpg",
      "eyes": "755",
      "img2": "assets/img/profiles/avatar-11.jpg",
      "names": "Jennifer Floyd",
      "date": "11 Sep 2022",
      "para": "Lorem Ipsum es simplemente el texto de relleno de las imprentas y archivos de texto.",
      "para2": "Lorem ipsum dolor sit amet, consectetur em adipiscing elit, sed do eiusmod tempor.",
      "status": false
    },
    {
      "id": 1,
      "imgs": "assets/img/category/blog-1.jpg",
      "eyes": "225",
      "img2": "assets/img/profiles/avatar-12.jpg",
      "names": "Alex Campbell",
      "date": "4 Dec 2022",
      "para": "Lorem Ipsum es simplemente el texto de relleno de las imprentas y archivos de texto.",
      "para2": "Lorem ipsum dolor sit amet, consectetur em adipiscing elit, sed do eiusmod tempor.",
      "status": false
    },
    {
      "id": 2,
      "imgs": "assets/img/category/blog-2.jpg",
      "eyes": "132",
      "img2": "assets/img/profiles/avatar-04.jpg",
      "names": "Barbara Moore",
      "date": "5 Dec 2022",
      "para": "Lorem Ipsum es simplemente el texto de relleno de las imprentas y archivos de texto.",
      "para2": "Lorem ipsum dolor sit amet, consectetur em adipiscing elit, sed do eiusmod tempor.",
      "status": false
    },
    {
      "id": 3,
      "imgs": "assets/img/category/blog-3.jpg",
      "eyes": "855",
      "img2": "assets/img/profiles/avatar-04.jpg",
      "names": "Brian Johnson",
      "date": "4 Aug 2022",
      "para": "Lorem Ipsum es simplemente el texto de relleno de las imprentas y archivos de texto.",
      "para2": "Lorem ipsum dolor sit amet, consectetur em adipiscing elit, sed do eiusmod tempor.",
      "status": false
    },
    {
      "id": 4,
      "imgs": "assets/img/category/blog-4.jpg",
      "eyes": "555",
      "img2": "assets/img/profiles/avatar-05.jpg",
      "names": "Greg Lynch",
      "date": "4 Dec 2022",
      "para": "Lorem Ipsum es simplemente el texto de relleno de las imprentas y archivos de texto.",
      "para2": "Lorem ipsum dolor sit amet, consectetur em adipiscing elit, sed do eiusmod tempor.",
      "status": false
    },
    {
      "id": 5,
      "imgs": "assets/img/category/blog-5.jpg",
      "eyes": "755",
      "img2": "assets/img/profiles/avatar-11.jpg",
      "names": "Jennifer Floyd",
      "date": "11 Sep 2022",
      "para": "Lorem Ipsum es simplemente el texto de relleno de las imprentas y archivos de texto.",
      "para2": "Lorem ipsum dolor sit amet, consectetur em adipiscing elit, sed do eiusmod tempor.",
      "status": false
    },
    {
      "id": 6,
      "imgs": "assets/img/category/blog-6.jpg",
      "eyes": "85",
      "img2": "assets/img/profiles/avatar-06.jpg",
      "names": "Karlene Chaidez",
      "date": "4 Dec 2022",
      "para": "Lorem Ipsum es simplemente el texto de relleno de las imprentas y archivos de texto.",
      "para2": "Lorem ipsum dolor sit amet, consectetur em adipiscing elit, sed do eiusmod tempor.",
      "status": false
    },
    {
      "id": 7,
      "imgs": "assets/img/category/blog-5.jpg",
      "eyes": "755",
      "img2": "assets/img/profiles/avatar-11.jpg",
      "names": "Jennifer Floyd",
      "date": "11 Sep 2022",
      "para": "Lorem Ipsum es simplemente el texto de relleno de las imprentas y archivos de texto.",
      "para2": "Lorem ipsum dolor sit amet, consectetur em adipiscing elit, sed do eiusmod tempor.",
      "status": false
    },
    {
      "id": 8,
      "imgs": "assets/img/category/blog-6.jpg",
      "eyes": "85",
      "img2": "assets/img/profiles/avatar-06.jpg",
      "names": "Karlene Chaidez",
      "date": "4 Dec 2022",
      "para": "Lorem Ipsum es simplemente el texto de relleno de las imprentas y archivos de texto.",
      "para2": "Lorem ipsum dolor sit amet, consectetur em adipiscing elit, sed do eiusmod tempor.",
      "status": false
    },
    {
      "id": 9,
      "imgs": "assets/img/category/blog-2.jpg",
      "eyes": "132",
      "img2": "assets/img/profiles/avatar-04.jpg",
      "names": "Barbara Moore",
      "date": "5 Dec 2022",
      "para": "Lorem Ipsum es simplemente el texto de relleno de las imprentas y archivos de texto.",
      "para2": "Lorem ipsum dolor sit amet, consectetur em adipiscing elit, sed do eiusmod tempor.",
      "status": false
    },
    {
      "id": 10,
      "imgs": "assets/img/category/blog-3.jpg",
      "eyes": "855",
      "img2": "assets/img/profiles/avatar-04.jpg",
      "names": "Brian Johnson",
      "date": "4 Aug 2022",
      "para": "Lorem Ipsum es simplemente el texto de relleno de las imprentas y archivos de texto.",
      "para2": "Lorem ipsum dolor sit amet, consectetur em adipiscing elit, sed do eiusmod tempor.",
      "status": false
    },
    {
      "id": 11,
      "imgs": "assets/img/category/blog-1.jpg",
      "eyes": "225",
      "img2": "assets/img/profiles/avatar-12.jpg",
      "names": "Alex Campbell",
      "date": "4 Dec 2022",
      "para": "Lorem Ipsum es simplemente el texto de relleno de las imprentas y archivos de texto.",
      "para2": "Lorem ipsum dolor sit amet, consectetur em adipiscing elit, sed do eiusmod tempor.",
      "status": false
    },
    {
      "id": 12,
      "imgs": "assets/img/category/blog-5.jpg",
      "eyes": "755",
      "img2": "assets/img/profiles/avatar-11.jpg",
      "names": "Jennifer Floyd",
      "date": "11 Sep 2022",
      "para": "Lorem Ipsum es simplemente el texto de relleno de las imprentas y archivos de texto.",
      "para2": "Lorem ipsum dolor sit amet, consectetur em adipiscing elit, sed do eiusmod tempor.",
      "status": false
    },
    {
      "id": 1,
      "imgs": "assets/img/category/blog-1.jpg",
      "eyes": "225",
      "img2": "assets/img/profiles/avatar-12.jpg",
      "names": "Alex Campbell",
      "date": "4 Dec 2022",
      "para": "Lorem Ipsum es simplemente el texto de relleno de las imprentas y archivos de texto.",
      "para2": "Lorem ipsum dolor sit amet, consectetur em adipiscing elit, sed do eiusmod tempor.",
      "status": false
    },
    {
      "id": 2,
      "imgs": "assets/img/category/blog-2.jpg",
      "eyes": "132",
      "img2": "assets/img/profiles/avatar-04.jpg",
      "names": "Barbara Moore",
      "date": "5 Dec 2022",
      "para": "Lorem Ipsum es simplemente el texto de relleno de las imprentas y archivos de texto.",
      "para2": "Lorem ipsum dolor sit amet, consectetur em adipiscing elit, sed do eiusmod tempor.",
      "status": false
    },
    {
      "id": 3,
      "imgs": "assets/img/category/blog-3.jpg",
      "eyes": "855",
      "img2": "assets/img/profiles/avatar-04.jpg",
      "names": "Brian Johnson",
      "date": "4 Aug 2022",
      "para": "Lorem Ipsum es simplemente el texto de relleno de las imprentas y archivos de texto.",
      "para2": "Lorem ipsum dolor sit amet, consectetur em adipiscing elit, sed do eiusmod tempor.",
      "status": false
    },
    {
      "id": 4,
      "imgs": "assets/img/category/blog-4.jpg",
      "eyes": "555",
      "img2": "assets/img/profiles/avatar-05.jpg",
      "names": "Greg Lynch",
      "date": "4 Dec 2022",
      "para": "Lorem Ipsum es simplemente el texto de relleno de las imprentas y archivos de texto.",
      "para2": "Lorem ipsum dolor sit amet, consectetur em adipiscing elit, sed do eiusmod tempor.",
      "status": false
    },
    {
      "id": 5,
      "imgs": "assets/img/category/blog-5.jpg",
      "eyes": "755",
      "img2": "assets/img/profiles/avatar-11.jpg",
      "names": "Jennifer Floyd",
      "date": "11 Sep 2022",
      "para": "Lorem Ipsum es simplemente el texto de relleno de las imprentas y archivos de texto.",
      "para2": "Lorem ipsum dolor sit amet, consectetur em adipiscing elit, sed do eiusmod tempor.",
      "status": false
    },
    {
      "id": 6,
      "imgs": "assets/img/category/blog-6.jpg",
      "eyes": "85",
      "img2": "assets/img/profiles/avatar-06.jpg",
      "names": "Karlene Chaidez",
      "date": "4 Dec 2022",
      "para": "Lorem Ipsum es simplemente el texto de relleno de las imprentas y archivos de texto.",
      "para2": "Lorem ipsum dolor sit amet, consectetur em adipiscing elit, sed do eiusmod tempor.",
      "status": false
    },
    {
      "id": 7,
      "imgs": "assets/img/category/blog-5.jpg",
      "eyes": "755",
      "img2": "assets/img/profiles/avatar-11.jpg",
      "names": "Jennifer Floyd",
      "date": "11 Sep 2022",
      "para": "Lorem Ipsum es simplemente el texto de relleno de las imprentas y archivos de texto.",
      "para2": "Lorem ipsum dolor sit amet, consectetur em adipiscing elit, sed do eiusmod tempor.",
      "status": false
    },
    {
      "id": 8,
      "imgs": "assets/img/category/blog-6.jpg",
      "eyes": "85",
      "img2": "assets/img/profiles/avatar-06.jpg",
      "names": "Karlene Chaidez",
      "date": "4 Dec 2022",
      "para": "Lorem Ipsum es simplemente el texto de relleno de las imprentas y archivos de texto.",
      "para2": "Lorem ipsum dolor sit amet, consectetur em adipiscing elit, sed do eiusmod tempor.",
      "status": false
    },
    {
      "id": 9,
      "imgs": "assets/img/category/blog-2.jpg",
      "eyes": "132",
      "img2": "assets/img/profiles/avatar-04.jpg",
      "names": "Barbara Moore",
      "date": "5 Dec 2022",
      "para": "Lorem Ipsum es simplemente el texto de relleno de las imprentas y archivos de texto.",
      "para2": "Lorem ipsum dolor sit amet, consectetur em adipiscing elit, sed do eiusmod tempor.",
      "status": false
    },
    {
      "id": 10,
      "imgs": "assets/img/category/blog-3.jpg",
      "eyes": "855",
      "img2": "assets/img/profiles/avatar-04.jpg",
      "names": "Brian Johnson",
      "date": "4 Aug 2022",
      "para": "Lorem Ipsum es simplemente el texto de relleno de las imprentas y archivos de texto.",
      "para2": "Lorem ipsum dolor sit amet, consectetur em adipiscing elit, sed do eiusmod tempor.",
      "status": false
    },
    {
      "id": 11,
      "imgs": "assets/img/category/blog-1.jpg",
      "eyes": "225",
      "img2": "assets/img/profiles/avatar-12.jpg",
      "names": "Alex Campbell",
      "date": "4 Dec 2022",
      "para": "Lorem Ipsum es simplemente el texto de relleno de las imprentas y archivos de texto.",
      "para2": "Lorem ipsum dolor sit amet, consectetur em adipiscing elit, sed do eiusmod tempor.",
      "status": false
    },
    {
      "id": 12,
      "imgs": "assets/img/category/blog-5.jpg",
      "eyes": "755",
      "img2": "assets/img/profiles/avatar-11.jpg",
      "names": "Jennifer Floyd",
      "date": "11 Sep 2022",
      "para": "Lorem Ipsum es simplemente el texto de relleno de las imprentas y archivos de texto.",
      "para2": "Lorem ipsum dolor sit amet, consectetur em adipiscing elit, sed do eiusmod tempor.",
      "status": false
    },
    {
      "id": 1,
      "imgs": "assets/img/category/blog-1.jpg",
      "eyes": "225",
      "img2": "assets/img/profiles/avatar-12.jpg",
      "names": "Alex Campbell",
      "date": "4 Dec 2022",
      "para": "Lorem Ipsum es simplemente el texto de relleno de las imprentas y archivos de texto.",
      "para2": "Lorem ipsum dolor sit amet, consectetur em adipiscing elit, sed do eiusmod tempor.",
      "status": false
    },
    {
      "id": 2,
      "imgs": "assets/img/category/blog-2.jpg",
      "eyes": "132",
      "img2": "assets/img/profiles/avatar-04.jpg",
      "names": "Barbara Moore",
      "date": "5 Dec 2022",
      "para": "Lorem Ipsum es simplemente el texto de relleno de las imprentas y archivos de texto.",
      "para2": "Lorem ipsum dolor sit amet, consectetur em adipiscing elit, sed do eiusmod tempor.",
      "status": false
    },
    {
      "id": 3,
      "imgs": "assets/img/category/blog-3.jpg",
      "eyes": "855",
      "img2": "assets/img/profiles/avatar-04.jpg",
      "names": "Brian Johnson",
      "date": "4 Aug 2022",
      "para": "Lorem Ipsum es simplemente el texto de relleno de las imprentas y archivos de texto.",
      "para2": "Lorem ipsum dolor sit amet, consectetur em adipiscing elit, sed do eiusmod tempor.",
      "status": false
    },
    {
      "id": 4,
      "imgs": "assets/img/category/blog-4.jpg",
      "eyes": "555",
      "img2": "assets/img/profiles/avatar-05.jpg",
      "names": "Greg Lynch",
      "date": "4 Dec 2022",
      "para": "Lorem Ipsum es simplemente el texto de relleno de las imprentas y archivos de texto.",
      "para2": "Lorem ipsum dolor sit amet, consectetur em adipiscing elit, sed do eiusmod tempor.",
      "status": false
    },
    {
      "id": 5,
      "imgs": "assets/img/category/blog-5.jpg",
      "eyes": "755",
      "img2": "assets/img/profiles/avatar-11.jpg",
      "names": "Jennifer Floyd",
      "date": "11 Sep 2022",
      "para": "Lorem Ipsum es simplemente el texto de relleno de las imprentas y archivos de texto.",
      "para2": "Lorem ipsum dolor sit amet, consectetur em adipiscing elit, sed do eiusmod tempor.",
      "status": false
    },
    {
      "id": 6,
      "imgs": "assets/img/category/blog-6.jpg",
      "eyes": "85",
      "img2": "assets/img/profiles/avatar-06.jpg",
      "names": "Karlene Chaidez",
      "date": "4 Dec 2022",
      "para": "Lorem Ipsum es simplemente el texto de relleno de las imprentas y archivos de texto.",
      "para2": "Lorem ipsum dolor sit amet, consectetur em adipiscing elit, sed do eiusmod tempor.",
      "status": false
    },
    {
      "id": 7,
      "imgs": "assets/img/category/blog-5.jpg",
      "eyes": "755",
      "img2": "assets/img/profiles/avatar-11.jpg",
      "names": "Jennifer Floyd",
      "date": "11 Sep 2022",
      "para": "Lorem Ipsum es simplemente el texto de relleno de las imprentas y archivos de texto.",
      "para2": "Lorem ipsum dolor sit amet, consectetur em adipiscing elit, sed do eiusmod tempor.",
      "status": false
    },
    {
      "id": 8,
      "imgs": "assets/img/category/blog-6.jpg",
      "eyes": "85",
      "img2": "assets/img/profiles/avatar-06.jpg",
      "names": "Karlene Chaidez",
      "date": "4 Dec 2022",
      "para": "Lorem Ipsum es simplemente el texto de relleno de las imprentas y archivos de texto.",
      "para2": "Lorem ipsum dolor sit amet, consectetur em adipiscing elit, sed do eiusmod tempor.",
      "status": false
    },
    {
      "id": 9,
      "imgs": "assets/img/category/blog-2.jpg",
      "eyes": "132",
      "img2": "assets/img/profiles/avatar-04.jpg",
      "names": "Barbara Moore",
      "date": "5 Dec 2022",
      "para": "Lorem Ipsum es simplemente el texto de relleno de las imprentas y archivos de texto.",
      "para2": "Lorem ipsum dolor sit amet, consectetur em adipiscing elit, sed do eiusmod tempor.",
      "status": false
    },
    {
      "id": 10,
      "imgs": "assets/img/category/blog-3.jpg",
      "eyes": "855",
      "img2": "assets/img/profiles/avatar-04.jpg",
      "names": "Brian Johnson",
      "date": "4 Aug 2022",
      "para": "Lorem Ipsum es simplemente el texto de relleno de las imprentas y archivos de texto.",
      "para2": "Lorem ipsum dolor sit amet, consectetur em adipiscing elit, sed do eiusmod tempor.",
      "status": false
    },
    {
      "id": 11,
      "imgs": "assets/img/category/blog-1.jpg",
      "eyes": "225",
      "img2": "assets/img/profiles/avatar-12.jpg",
      "names": "Alex Campbell",
      "date": "4 Dec 2022",
      "para": "Lorem Ipsum es simplemente el texto de relleno de las imprentas y archivos de texto.",
      "para2": "Lorem ipsum dolor sit amet, consectetur em adipiscing elit, sed do eiusmod tempor.",
      "status": false
    },
    {
      "id": 12,
      "imgs": "assets/img/category/blog-5.jpg",
      "eyes": "755",
      "img2": "assets/img/profiles/avatar-11.jpg",
      "names": "Jennifer Floyd",
      "date": "11 Sep 2022",
      "para": "Lorem Ipsum es simplemente el texto de relleno de las imprentas y archivos de texto.",
      "para2": "Lorem ipsum dolor sit amet, consectetur em adipiscing elit, sed do eiusmod tempor.",
      "status": false
    },
    {
      "id": 1,
      "imgs": "assets/img/category/blog-1.jpg",
      "eyes": "225",
      "img2": "assets/img/profiles/avatar-12.jpg",
      "names": "Alex Campbell",
      "date": "4 Dec 2022",
      "para": "Lorem Ipsum es simplemente el texto de relleno de las imprentas y archivos de texto.",
      "para2": "Lorem ipsum dolor sit amet, consectetur em adipiscing elit, sed do eiusmod tempor.",
      "status": false
    },
    {
      "id": 2,
      "imgs": "assets/img/category/blog-2.jpg",
      "eyes": "132",
      "img2": "assets/img/profiles/avatar-04.jpg",
      "names": "Barbara Moore",
      "date": "5 Dec 2022",
      "para": "Lorem Ipsum es simplemente el texto de relleno de las imprentas y archivos de texto.",
      "para2": "Lorem ipsum dolor sit amet, consectetur em adipiscing elit, sed do eiusmod tempor.",
      "status": false
    },
    {
      "id": 3,
      "imgs": "assets/img/category/blog-3.jpg",
      "eyes": "855",
      "img2": "assets/img/profiles/avatar-04.jpg",
      "names": "Brian Johnson",
      "date": "4 Aug 2022",
      "para": "Lorem Ipsum es simplemente el texto de relleno de las imprentas y archivos de texto.",
      "para2": "Lorem ipsum dolor sit amet, consectetur em adipiscing elit, sed do eiusmod tempor.",
      "status": false
    },
    {
      "id": 4,
      "imgs": "assets/img/category/blog-4.jpg",
      "eyes": "555",
      "img2": "assets/img/profiles/avatar-05.jpg",
      "names": "Greg Lynch",
      "date": "4 Dec 2022",
      "para": "Lorem Ipsum es simplemente el texto de relleno de las imprentas y archivos de texto.",
      "para2": "Lorem ipsum dolor sit amet, consectetur em adipiscing elit, sed do eiusmod tempor.",
      "status": false
    },
    {
      "id": 5,
      "imgs": "assets/img/category/blog-5.jpg",
      "eyes": "755",
      "img2": "assets/img/profiles/avatar-11.jpg",
      "names": "Jennifer Floyd",
      "date": "11 Sep 2022",
      "para": "Lorem Ipsum es simplemente el texto de relleno de las imprentas y archivos de texto.",
      "para2": "Lorem ipsum dolor sit amet, consectetur em adipiscing elit, sed do eiusmod tempor.",
      "status": false
    },
    {
      "id": 6,
      "imgs": "assets/img/category/blog-6.jpg",
      "eyes": "85",
      "img2": "assets/img/profiles/avatar-06.jpg",
      "names": "Karlene Chaidez",
      "date": "4 Dec 2022",
      "para": "Lorem Ipsum es simplemente el texto de relleno de las imprentas y archivos de texto.",
      "para2": "Lorem ipsum dolor sit amet, consectetur em adipiscing elit, sed do eiusmod tempor.",
      "status": false
    },
    {
      "id": 7,
      "imgs": "assets/img/category/blog-5.jpg",
      "eyes": "755",
      "img2": "assets/img/profiles/avatar-11.jpg",
      "names": "Jennifer Floyd",
      "date": "11 Sep 2022",
      "para": "Lorem Ipsum es simplemente el texto de relleno de las imprentas y archivos de texto.",
      "para2": "Lorem ipsum dolor sit amet, consectetur em adipiscing elit, sed do eiusmod tempor.",
      "status": false
    },
    {
      "id": 8,
      "imgs": "assets/img/category/blog-6.jpg",
      "eyes": "85",
      "img2": "assets/img/profiles/avatar-06.jpg",
      "names": "Karlene Chaidez",
      "date": "4 Dec 2022",
      "para": "Lorem Ipsum es simplemente el texto de relleno de las imprentas y archivos de texto.",
      "para2": "Lorem ipsum dolor sit amet, consectetur em adipiscing elit, sed do eiusmod tempor.",
      "status": false
    },
    {
      "id": 9,
      "imgs": "assets/img/category/blog-2.jpg",
      "eyes": "132",
      "img2": "assets/img/profiles/avatar-04.jpg",
      "names": "Barbara Moore",
      "date": "5 Dec 2022",
      "para": "Lorem Ipsum es simplemente el texto de relleno de las imprentas y archivos de texto.",
      "para2": "Lorem ipsum dolor sit amet, consectetur em adipiscing elit, sed do eiusmod tempor.",
      "status": false
    },
    {
      "id": 10,
      "imgs": "assets/img/category/blog-3.jpg",
      "eyes": "855",
      "img2": "assets/img/profiles/avatar-04.jpg",
      "names": "Brian Johnson",
      "date": "4 Aug 2022",
      "para": "Lorem Ipsum es simplemente el texto de relleno de las imprentas y archivos de texto.",
      "para2": "Lorem ipsum dolor sit amet, consectetur em adipiscing elit, sed do eiusmod tempor.",
      "status": false
    },
    {
      "id": 11,
      "imgs": "assets/img/category/blog-1.jpg",
      "eyes": "225",
      "img2": "assets/img/profiles/avatar-12.jpg",
      "names": "Alex Campbell",
      "date": "4 Dec 2022",
      "para": "Lorem Ipsum es simplemente el texto de relleno de las imprentas y archivos de texto.",
      "para2": "Lorem ipsum dolor sit amet, consectetur em adipiscing elit, sed do eiusmod tempor.",
      "status": false
    },
    {
      "id": 12,
      "imgs": "assets/img/category/blog-5.jpg",
      "eyes": "755",
      "img2": "assets/img/profiles/avatar-11.jpg",
      "names": "Jennifer Floyd",
      "date": "11 Sep 2022",
      "para": "Lorem Ipsum es simplemente el texto de relleno de las imprentas y archivos de texto.",
      "para2": "Lorem ipsum dolor sit amet, consectetur em adipiscing elit, sed do eiusmod tempor.",
      "status": false
    },
    {
      "id": 1,
      "imgs": "assets/img/category/blog-1.jpg",
      "eyes": "225",
      "img2": "assets/img/profiles/avatar-12.jpg",
      "names": "Alex Campbell",
      "date": "4 Dec 2022",
      "para": "Lorem Ipsum es simplemente el texto de relleno de las imprentas y archivos de texto.",
      "para2": "Lorem ipsum dolor sit amet, consectetur em adipiscing elit, sed do eiusmod tempor.",
      "status": false
    },
    {
      "id": 2,
      "imgs": "assets/img/category/blog-2.jpg",
      "eyes": "132",
      "img2": "assets/img/profiles/avatar-04.jpg",
      "names": "Barbara Moore",
      "date": "5 Dec 2022",
      "para": "Lorem Ipsum es simplemente el texto de relleno de las imprentas y archivos de texto.",
      "para2": "Lorem ipsum dolor sit amet, consectetur em adipiscing elit, sed do eiusmod tempor.",
      "status": false
    },
    {
      "id": 3,
      "imgs": "assets/img/category/blog-3.jpg",
      "eyes": "855",
      "img2": "assets/img/profiles/avatar-04.jpg",
      "names": "Brian Johnson",
      "date": "4 Aug 2022",
      "para": "Lorem Ipsum es simplemente el texto de relleno de las imprentas y archivos de texto.",
      "para2": "Lorem ipsum dolor sit amet, consectetur em adipiscing elit, sed do eiusmod tempor.",
      "status": false
    },
    {
      "id": 4,
      "imgs": "assets/img/category/blog-4.jpg",
      "eyes": "555",
      "img2": "assets/img/profiles/avatar-05.jpg",
      "names": "Greg Lynch",
      "date": "4 Dec 2022",
      "para": "Lorem Ipsum es simplemente el texto de relleno de las imprentas y archivos de texto.",
      "para2": "Lorem ipsum dolor sit amet, consectetur em adipiscing elit, sed do eiusmod tempor.",
      "status": false
    },
    {
      "id": 5,
      "imgs": "assets/img/category/blog-5.jpg",
      "eyes": "755",
      "img2": "assets/img/profiles/avatar-11.jpg",
      "names": "Jennifer Floyd",
      "date": "11 Sep 2022",
      "para": "Lorem Ipsum es simplemente el texto de relleno de las imprentas y archivos de texto.",
      "para2": "Lorem ipsum dolor sit amet, consectetur em adipiscing elit, sed do eiusmod tempor.",
      "status": false
    },
    {
      "id": 6,
      "imgs": "assets/img/category/blog-6.jpg",
      "eyes": "85",
      "img2": "assets/img/profiles/avatar-06.jpg",
      "names": "Karlene Chaidez",
      "date": "4 Dec 2022",
      "para": "Lorem Ipsum es simplemente el texto de relleno de las imprentas y archivos de texto.",
      "para2": "Lorem ipsum dolor sit amet, consectetur em adipiscing elit, sed do eiusmod tempor.",
      "status": false
    },
    {
      "id": 7,
      "imgs": "assets/img/category/blog-5.jpg",
      "eyes": "755",
      "img2": "assets/img/profiles/avatar-11.jpg",
      "names": "Jennifer Floyd",
      "date": "11 Sep 2022",
      "para": "Lorem Ipsum es simplemente el texto de relleno de las imprentas y archivos de texto.",
      "para2": "Lorem ipsum dolor sit amet, consectetur em adipiscing elit, sed do eiusmod tempor.",
      "status": false
    },
    {
      "id": 8,
      "imgs": "assets/img/category/blog-6.jpg",
      "eyes": "85",
      "img2": "assets/img/profiles/avatar-06.jpg",
      "names": "Karlene Chaidez",
      "date": "4 Dec 2022",
      "para": "Lorem Ipsum es simplemente el texto de relleno de las imprentas y archivos de texto.",
      "para2": "Lorem ipsum dolor sit amet, consectetur em adipiscing elit, sed do eiusmod tempor.",
      "status": false
    },
    {
      "id": 9,
      "imgs": "assets/img/category/blog-2.jpg",
      "eyes": "132",
      "img2": "assets/img/profiles/avatar-04.jpg",
      "names": "Barbara Moore",
      "date": "5 Dec 2022",
      "para": "Lorem Ipsum es simplemente el texto de relleno de las imprentas y archivos de texto.",
      "para2": "Lorem ipsum dolor sit amet, consectetur em adipiscing elit, sed do eiusmod tempor.",
      "status": false
    },
    {
      "id": 10,
      "imgs": "assets/img/category/blog-3.jpg",
      "eyes": "855",
      "img2": "assets/img/profiles/avatar-04.jpg",
      "names": "Brian Johnson",
      "date": "4 Aug 2022",
      "para": "Lorem Ipsum es simplemente el texto de relleno de las imprentas y archivos de texto.",
      "para2": "Lorem ipsum dolor sit amet, consectetur em adipiscing elit, sed do eiusmod tempor.",
      "status": false
    },
    {
      "id": 11,
      "imgs": "assets/img/category/blog-1.jpg",
      "eyes": "225",
      "img2": "assets/img/profiles/avatar-12.jpg",
      "names": "Alex Campbell",
      "date": "4 Dec 2022",
      "para": "Lorem Ipsum es simplemente el texto de relleno de las imprentas y archivos de texto.",
      "para2": "Lorem ipsum dolor sit amet, consectetur em adipiscing elit, sed do eiusmod tempor.",
      "status": false
    },
    {
      "id": 12,
      "imgs": "assets/img/category/blog-5.jpg",
      "eyes": "755",
      "img2": "assets/img/profiles/avatar-11.jpg",
      "names": "Jennifer Floyd",
      "date": "11 Sep 2022",
      "para": "Lorem Ipsum es simplemente el texto de relleno de las imprentas y archivos de texto.",
      "para2": "Lorem ipsum dolor sit amet, consectetur em adipiscing elit, sed do eiusmod tempor.",
      "status": false
    }
  ],
  "totalData": 96
}
