{
  "data": [
    {
      "sNo": "1",
      "category": "Advertising",
      "img": "assets/img/category/category-01.jpg",
      "date":"25 Fb 2022, 06:12 PM",
      "added": "Admin",
      "img2":"assets/img/profiles/avatar-01.jpg",
      "value":" rating_1"
     
    },
    {
      "sNo": "2",
      "category": "Food",
      "img": "assets/img/category/category-02.jpg",
      "date":"19 Dec 2022, 06:12 PM",
      "added": "Admin",
      "img2":"assets/img/profiles/avatar-01.jpg",
      "value":" rating_2"
    },
    {
      "sNo": "3",
      "category": "Marketing",
      "img": "assets/img/category/category-03.jpg",
      "date":"21 Dec 2022, 06:12 PM",
      "added": "Admin",
      "img2":"assets/img/profiles/avatar-01.jpg",
      "value":" rating_3"
    },
   
    {
      "sNo": "4",
      "category": "Repairs",
      "img": "assets/img/category/category-04.jpg",
      "date":"30 Jan 2022, 06:12 PM",
      "added": "Admin",
      "img2":"assets/img/profiles/avatar-01.jpg",
      "value":" rating_4"
    },
    {
      "sNo": "5",
      "category": "Software",
      "img": "assets/img/category/category-05.jpg",
      "date":"19 Mar 2022, 06:12 PM",
      "added": "Admin",
      "img2":"assets/img/profiles/avatar-01.jpg",
      "value":" rating_5"
    },
   
    {
      "sNo": "6",
      "category": "Stationary",
      "img": "assets/img/category/category-06.jpg",
      "date":"19 Jan 2022, 06:12 PM",
      "added": "Admin",
      "img2":"assets/img/profiles/avatar-01.jpg",
      "value":" rating_6"
    },
    {
      "sNo": "7",
      "category": "Food",
      "img": "assets/img/category/category-02.jpg",
      "date":"19 Dec 2022, 06:12 PM",
      "added": "Admin",
      "img2":"assets/img/profiles/avatar-01.jpg",
      "value":" rating_7"
    },
    {
      "sNo": "8",
      "category": "Marketing",
      "img": "assets/img/category/category-03.jpg",
      "date":"21 Dec 2022, 06:12 PM",
      "added": "Admin",
      "img2":"assets/img/profiles/avatar-01.jpg",
      "value":" rating_8"
    }
    
  ],
  "totalData": 8
}
