{
    "data": [
      { 
        "sNo":"1",
        "customerId":"#4987",
        "customer": "John Smith",
        "img": "assets/img/profiles/avatar-01.jpg",
        "mailId": "john@example.com",
        "amount": "$1,54,220",
        "paymentmode": "Cash",
        "createdOn":"23 Mar 2023",
        "status":"Recurring"
      },
      {
        "sNo":"2",
        "customerId":"#4988",
        "customer": "Robert",
        "img": "assets/img/profiles/avatar-02.jpg",
        "mailId": "robert@example.com",
        "amount": "$1,54,220",
        "paymentmode": "Cash",
        "createdOn":"23 Mar 2023",
        "status":"Recurring"
      },
      {
        "sNo":"3",
        "customerId":"#4989",
        "customer": "Johnny",
        "img": "assets/img/profiles/avatar-03.jpg",
        "mailId": "johnny@example.com",
        "amount": "$1,54,220",
        "paymentmode": "Cash",
        "createdOn":"23 Mar 20230",
        "status":"Recurring"
      },
      {
        "sNo":"4",
        "customerId":"#4990",
        "customer": "Randall",
        "img": "assets/img/profiles/avatar-06.jpg",
        "mailId": "randall@example.com",
        "amount": "$1,54,220",
        "paymentmode": "Cash",
        "createdOn":"23 Mar 2023",
        "status":"Recurring"
      },
      {
        "sNo":"5",
        "customerId":"#4991",
        "customer": "Russell Copeland",
        "img": "assets/img/profiles/avatar-08.jpg",
        "mailId": "russell@example.com",
        "amount": "$1,54,220",
        "paymentmode": "Cash",
        "createdOn":"23 Mar 2023",
        "status":"Recurring"
      },
      {
        "sNo":"6",
        "customerId":"#4992",
        "customer": "Barbara Moore",
        "img": "assets/img/profiles/avatar-09.jpg",
        "mailId": "barbara@example.com",
        "amount": "$1,54,220",
        "paymentmode": "Cash",
        "createdOn":"23 Mar 2023",
        "status":"Recurring"
      },
      {
        "sNo":"7",
        "customerId":"#4993",
        "customer": "John Smith",
        "img": "assets/img/profiles/avatar-01.jpg",
        "mailId": "john@example.com",
        "amount": "$1,54,220",
        "paymentmode": "Cash",
        "createdOn":"23 Mar 2023",
        "status":"Recurring"
      },
      {
        "sNo":"8",
        "customerId":"#4994",
        "customer": "Robert",
        "img": "assets/img/profiles/avatar-01.jpg",
        "mailId": "robert@example.com",
        "amount": "$1,54,220",
        "paymentmode": "Cash",
        "createdOn":"23 Mar 2023",
        "status":"Recurring"
      },
      {
        "sNo":"9",
        "customerId":"#4995",
        "customer": "Johnny",
        "img": "assets/img/profiles/avatar-01.jpg",
        "mailId": "johnny@example.com",
        "amount": "$1,54,220",
        "paymentmode": "Cash",
        "createdOn":"23 Mar 2023",
        "status":"Recurring"
      }
     
      
    ],
    "totalData": 9
  }
  