{
  "data": [
    {
      "id": "1",
      "img": "assets/img/profiles/avatar-14.jpg",
      "name": "John Smith",
      "email": "john@example.com",
      "phone": "+1 989-438-3131",
      "balance": "$4,220",
      "invoice": "2",
      "created": "19 Dec 2022, 06:12 PM",
      "status": "Deactive"
    },
    {
      "id": "2",
      "img": "assets/img/profiles/avatar-15.jpg",
      "name": "Johnny",
      "email": "johnny@example.com",
      "phone": "+1 843-443-3282",
      "balance": "$1,862",
      "invoice": "1",
      "created": "15 Dec 2022, 06:12 PM",
      "status": "Deactive"
    },
    {
      "id": "3",
      "img": "assets/img/profiles/avatar-16.jpg",
      "name": "Robert",
      "email": "robert@example.com",
      "phone": "+1 917-409-0861",
      "balance": "$2,789",
      "invoice": "3",
      "created": "04 Dec 2022, 12:38 PM",
      "status": "Deactive"
    },
    {
      "id": "4",
      "img": "assets/img/profiles/avatar-17.jpg",
      "name": "Sharonda",
      "email": "sharon@example.com",
      "phone": "+1 956-623-2880",
      "balance": "$6,789",
      "invoice": "6",
      "created": "14 Dec 2022, 12:38 PM",
      "status": "Deactive"
    },
    {
      "id": "5",
      "img": "assets/img/profiles/avatar-18.jpg",
      "name": "Pricilla",
      "email": "pricilla@example.com",
      "phone": "+1 956-613-2880",
      "balance": "$1,789",
      "invoice": "4",
      "created": "12 Dec 2022, 12:38 PM",
      "status": "Deactive"
    },
    {
      "id": "6",
      "img": "assets/img/profiles/avatar-19.jpg",
      "name": "Randall",
      "email": "randall@example.com",
      "phone": "+1 117-409-0861",
      "balance": "$1,789",
      "invoice": "1",
      "created": "04 Dec 2022, 12:38 PM",
      "status": "Deactive"
    }
   
   
   
  ],
  "totalData": 6
}
