{
  "data": [
    {
      "sNo":"1",
      "debitId":"#4905681",
      "person": "John Smith",
      "img": "assets/img/profiles/avatar-14.jpg",
      "phone": "+1 843-443-3282",
      "totalAmount": "$1,54,220",
      "paymentmode": "Cash",
      "date":"19 Dec 2022, 06:12 PM",
      "status":"Paid"
    },
   
    {
      "sNo":"2",
      "debitId":"#4905682",
      "person": "Johnny",
      "img": "assets/img/profiles/avatar-15.jpg",
      "phone": "+1 956-623-2880",
      "totalAmount": "$1,54,220",
      "paymentmode": "Cash",
      "date":"04 Dec 2022, 12:38 PM",
      "status":"Pending"
    },
    {
      "sNo":"3",
      "debitId":"#4905683",
      "person": "Robert",
      "img": "assets/img/profiles/avatar-16.jpg",
      "phone": "+1 917-409-0861",
      "totalAmount": "$1,54,220",
      "paymentmode": "Cash",
      "date":"15 Dec 2022, 04:35 PM",
      "status":"Cancelled"
    },
    {
      "sNo":"4",
      "debitId":"#4905684",
      "person": "Sharonda",
      "img": "assets/img/profiles/avatar-17.jpg",
      "phone": "+1 707-439-1732",
      "totalAmount": "$1,54,220",
      "paymentmode": "Cash",
      "date":"28 Nov 2022, 03:25 PM",
      "status":"Paid"
    },
    {
      "sNo":"5",
      "debitId":"#4905685",
      "person": "Pricila ",
      "img": "assets/img/profiles/avatar-18.jpg",
      "phone": "+1 559-741-9672",
      "totalAmount": "$1,54,220",
      "paymentmode": "Cash",
      "date":"20 Nov 2022, 02:47 PM",
      "status":"Pending"
    },
    {
      "sNo":"6",
      "debitId":"#4905686",
      "person": "Randall",
      "img": "assets/img/profiles/avatar-19.jpg",
      "phone": "+1 989-438-3131",
      "totalAmount": "$1,54,220",
      "paymentmode": "Cash",
      "date":"15 Nov 2022, 10:42 AM",
      "status":"Cancelled"
    }
   
    
  ],
  "totalData": 9
}
