{
  "data": [
    {
      "sNo": 1,
      "expenseId": "EXP-148061",
      "reference": "#25689825",
      "amount": "$1,54,220",
      "img": "assets/img/category/expenses-01.jpg",
      "paymentmode": "Cash",
      "notes":"Lorem ipsum dolor sit consectetur",
      "status": "Paid"
      
    },
    {
      "sNo": 2,
      "expenseId": "EXP-148062",
      "reference": "#25689826",
      "amount": "$1,222",
      "img": "assets/img/category/expenses-01.jpg",
      "paymentmode": "Cheque",
      "notes": "Ut enim minim veniam, quis nostrud ",
      "status": "Pending"
      
    },
    {
      "sNo": 3,
      "expenseId": "EXP-148063",
      "reference": "#25689827",
      "amount": "$2,2222",
      "img": "assets/img/category/expenses-01.jpg",
      "paymentmode": "Cheque",
      "notes": "Duis aute irure dolor in reprehenderit in",
      "status": "Cancelled"
      
    },
    
    {
      "sNo": 4,
      "expenseId": "EXP-148064",
      "reference": "#25689828",
      "amount": "$5,222",
      "img": "assets/img/category/expenses-01.jpg",
      "paymentmode": "Cash",
      "notes": "Duis aute irure dolor in reprehenderit in",
      "status": "Pending"
      
      
    },
    {
      "sNo": 5,
      "expenseId": "EXP-148065",
      "reference": "#25689829",
      "amount": "$8,54,220",
      "img": "assets/img/category/expenses-01.jpg",
      "paymentmode": "Cheque",
      "notes": "Sed ut perspiciatis unde omnis iste ",
      "status": "Paid"
      
    },
    {
      "sNo": 6,
      "expenseId": "EXP-148066",
      "reference": "#25689830",
      "amount": "$3,54,220",
      "img": "assets/img/category/expenses-01.jpg",
      "paymentmode": "Cheque",
      "notes": "Nemo enim ipsam voluptatem voluptas ",
      "status": "Paid"
    }
  ],
  "totalData": 6
}
