{
    "data": [
   
      {
      
        "invoice": "#4988",
        "category": "Food",
        "created" : "16 Mar 202",
        "name": "Johnny",
        "email": "johnny@example.com",
        "img":"assets/img/profiles/avatar-15.jpg",
        "total": "$3,54,220",
        "paid": "$2,50,000",
        "payment": "Cheque",
        "balance": "$4,220",
        "due": "16 Jan 2023",
        "status": "Overdue"
        
      }
     
      
    ],
    "totalData": 6
  }
  