{
"data": [
	{
		"invoiceId": "#4987",
		"category": "Advertising",
		"createdOn": "23 Mar 2023",
		"invoiceTo": "John Smith",
    "phnNumber": "+1 843-443-3282",
		"total": "$1,54,220",
		"paid": "$1,50,000",
		"paymentMode": "Cash",
		"balance": "$0",
		"dueDate": "-",
		"status": "Paid",
    "img": "assets/img/profiles/avatar-14.jpg"
	},
	{
		"invoiceId": "#4988",
		"category": "Food",
		"createdOn": "16 Mar 2022",
		"invoiceTo": "Johnny",
    "phnNumber": "+1 917-409-0861",
		"total": "$3,54,220",
		"paid": "$2,50,000",
		"paymentMode": "Cheque",
		"balance": "$4,220",
		"dueDate": "16 Jan 2023",
		"status": "Overdue",
    "img": "assets/img/profiles/avatar-15.jpg"
	},
	{
		"invoiceId": "#4989",
		"category": "Marketing",
		"createdOn": "25 Feb 2023",
		"invoiceTo": "Robert",
    "phnNumber": "+1 956-623-2880",
		"total": "$1,54,220",
		"paid": "$1,50,000",
		"paymentMode": "Cash",
		"balance": "$4,220",
		"dueDate": "16 Jan 2023",
		"status": "Cancelled",
    "img": "assets/img/profiles/avatar-16.jpg"
	},
	{
		"invoiceId": "#4990",
		"category": "Repairs",
		"createdOn": "25 Mar 2022",
		"invoiceTo": "Sharonda",
    "phnNumber": "+1 707-439-1732",
		"total": "$1,54,220",
		"paid": "$1,50,000",
		"paymentMode": "Cash",
		"balance": "$4,220",
		"dueDate": "12 May 2023",
		"status": "Partially Paid",
    "img": "assets/img/profiles/avatar-17.jpg"
	},
	{
		"invoiceId": "#4991",
		"category": "Software",
		"createdOn": "12 May 2022",
		"invoiceTo": "Pricilla",
    "phnNumber": "+1 559-741-9672",
		"total": "$5,54,220",
		"paid": "$3,50,000",
		"paymentMode": "Cheque",
		"balance": "$4,220",
		"dueDate": "18 May 2023",
		"status": "Unpaid",
    "img": "assets/img/profiles/avatar-18.jpg"
	},
	{
		"invoiceId": "#4992",
		"category": "Stationary",
		"createdOn": "16 Nov 2022",
		"invoiceTo": "Randall",
    "phnNumber": "+1 989-438-3131",
		"total": "$5,54,220",
		"paid": "$6,50,000",
		"paymentMode": "Cash",
		"balance": "$4,220",
		"dueDate": "25 Feb 2023",
		"status": "Refunded",
    "img": "assets/img/profiles/avatar-19.jpg"
	}
],
  "totalData": 6
}
