{
  "data": [
    {
      "item": "GoMechanic Neutron 600",
      "price": "$1,542",
      "discount": " 23 ",
      "description": " Lorem ipsum dolor sit amet,",
      "date": "16 Mar 2022"
    },
    {
      "item": "GoMechanic Neutron 600",
      "price": "$1,542",
      "discount": " 23 ",
      "description": " Lorem ipsum dolor sit amet,",
      "date": "16 Mar 2022"
    },
    {
      "item": "GoMechanic Neutron 600",
      "price": "$1,542",
      "discount": " 23 ",
      "description": " Lorem ipsum dolor sit amet,",
      "date": "16 Mar 2022"
    },
    {
      "item": "GoMechanic Neutron 600",
      "price": "$1,542",
      "discount": " 23 ",
      "description": " Lorem ipsum dolor sit amet,",
      "date": "16 Mar 2022"
    },
    {
      "item": "GoMechanic Neutron 600",
      "price": "$1,542",
      "discount": " 23 ",
      "description": " Lorem ipsum dolor sit amet,",
      "date": "16 Mar 2022"
    },
    {
      "item": "GoMechanic Neutron 600",
      "price": "$1,542",
      "discount": " 23 ",
      "description": " Lorem ipsum dolor sit amet,",
      "date": "16 Mar 2022"
    }
  ],
  "totalData": 6
}
