{
  "data": [
    {
      "id":1,
      "name": "John Smith",
      "img":"assets/img/profiles/avatar-14.jpg",
      "pho":"+1 843-443-3282",
      "reference":"#25689825",
      "created":"19 Dec 2022, 06:12 PM",
      "mode": "Credit"
    },
    {
      "id":2,
      "name": "Johnny charles",
      "img":"assets/img/profiles/avatar-15.jpg",
      "pho":"+1 917-409-0861",
      "reference":"#25689826",
      "created":"19 Dec 2022, 06:12 PM",
      "mode": "Debit" 
    },
    {
      "id":3,
      "name": "Robert George",
      "img":"assets/img/profiles/avatar-16.jpg",
      "pho":"+1 956-623-2880",
      "reference":"#25689827",
      "created":"19 Dec 2022, 06:12 PM",
      "mode": "Credit" 
    },
    {
      "id":4,
      "name": "Sharonda Letha",
      "img":"assets/img/profiles/avatar-17.jpg",
      "pho":"+1 956-623-2881",
      "reference":"#25689828",
      "created":"19 Dec 2022, 06:12 PM",
      "mode": "Debit" 
    },
    {
      "id":5,
      "name": "Pricilla Maureen",
      "img":"assets/img/profiles/avatar-18.jpg",
      "pho":"+1 956-623-2882",
      "reference":"#25689829",
      "created":"19 Dec 2022, 06:12 PM",
      "mode": "Credit" 
    },
    {
      "id":6,
      "name": "Randall Hollis",
      "img":"assets/img/profiles/avatar-19.jpg",
      "pho":"+1 956-623-2883",
      "reference":"#25689830",
      "created":"19 Dec 2022, 06:12 PM",
      "mode": "Debit" 
  }
   
  ],
  "totalData": 6
}
