{
    "data": [
      {
        "sNo": 1,
        "name": "John Smith",
        "img":"assets/img/profiles/avatar-14.jpg",
        "email": "john@example.com",
        "mobileNumber":"+1 989-438-3131",
        "message":"+Lorem ipsum dolor sit consectetur",
        "createdOn": "19 Dec 2022, 06:12 PM"
        
      },
      {
        "sNo":2,
        "name": "Johnny",
        "img":"assets/img/profiles/avatar-15.jpg",
        "email": "johnny@example.com",
        "mobileNumber":"+1 843-443-3282",
        "message":"Ut enim ad minim veniam, quis",
        "createdOn": "15 Dec 2022, 04:35 PM"
      },
      {
        "sNo": 3,
        "name": "Robert",
        "img":"assets/img/profiles/avatar-16.jpg",
        "email": "robert@example.com",
        "mobileNumber":"+1 917-409-0861",
        "message":"Duis aute irure dolor in reprehenderit",
        "createdOn": "04 Dec 2022, 04:35 PM"
      },
      
      {
        "sNo": 4,
        "name": "Sharonda",
        "img":"assets/img/profiles/avatar-17.jpg",
        "email": "sharon@example.com",
        "mobileNumber":"+1 956-623-2880",
        "message":"Excepteur sint occaecat cupidatat",
        "createdOn": "12 Dec 2022, 04:35 PM"
        
      },
      {
        "sNo": 5,
        "name": "Randall",
        "img":"assets/img/profiles/avatar-18.jpg",
        "email": "randall@example.com",
        "mobileNumber":"+1 707-439-1732",
        "message":"Sed ut perspiciatis unde omnis iste",
        "createdOn": "28 Nov 2022, 03:25 PM"
      },
      {
        "sNo": 6,
        "name": "Pricilla",
        "img":"assets/img/profiles/avatar-19.jpg",
        "email": "pricilla@example.com",
        "mobileNumber":"+1 559-741-9672",
        "message":"Nemo enim ipsam voluptatem quia",
        "createdOn": "15 Nov 2022, 03:25 PM"
      }
     
      
    ],
    "totalData": 9
  }
  