{
    "data": [
      {
        "id": 1,
        "transaction": "137370531",
        "invoice": "#4905681",
        "name":"John Smith",
        "phone":"+1 843-443-3282",
        "img": "assets/img/profiles/avatar-14.jpg",
        "amount": "$1,54,220",
        "date":"19 Dec 2022, 06:12 PM",
        "paymentMethod": "Cash"
      },
      {
        "id": 2,
        "transaction": "137370532",
        "invoice": "#4905682",
        "name":"Johnny",
        "phone":"+1 917-409-0861",
        "img": "assets/img/profiles/avatar-15.jpg",
        "amount": "$2,54,220",
        "date":"19 Dec 2022, 06:12 PM",
        "paymentMethod": "Cheque"
      },
      {
        "id": 3,
        "transaction": "137370533",
        "invoice": "#4905683",
        "name":"Robert",
        "phone":"+1 956-623-2880",
        "img": "assets/img/profiles/avatar-16.jpg",
        "amount": "$3,54,220",
        "date":"19 Dec 2022, 06:12 PM",
        "paymentMethod": "Cash"
      },
      {
        "id": 4,
        "transaction": "137370534",
        "invoice": "#4905684",
        "name":"Sharonda",
        "phone":"+1 707-439-1732",
        "img": "assets/img/profiles/avatar-17.jpg",
        "amount": "$4,54,220",
        "date":"19 Dec 2022, 06:12 PM",
        "paymentMethod": "Cheque"
      },
      {
        "id": 5,
        "transaction": "137370535",
        "invoice": "#4905685",
        "name":"Randall",
        "phone":"+1 559-741-9672",
        "img": "assets/img/profiles/avatar-18.jpg",
        "amount": "$5,54,220",
        "date":"19 Dec 2022, 06:12 PM",
        "paymentMethod": "Cheque"
      },
      {
        "id": 6,
        "transaction": "137370536",
        "invoice": "#4905686",
        "name":"Pricilla",
        "phone":"+1 989-438-3131",
        "img": "assets/img/profiles/avatar-19.jpg",
        "amount": "$4,54,220",
        "date":"19 Dec 2022, 06:12 PM",
        "paymentMethod": "Cheque"
      }
     
    ],
    "totalData": 6
  }
  