{
  "data": [
    {
      "id": 1,
      "name": "John Smith",
      "email": "john@example.com",
      "img": "assets/img/profiles/avatar-14.jpg",
      "paymentId": "#25689825",
      "amount": "$1,54,220",
      "date":"19 Dec 2022, 06:12 PM",
      "paymentMethod": "Cash",
      "status":"Success"
    },
    {
      "id": 2,
      "name": "Johnny",
      "email": "johnny@example.com",
      "img": "assets/img/profiles/avatar-15.jpg",
      "paymentId": "#25689826",
      "amount": "$1,222",
      "date":"19 Dec 2022, 06:12 PM",
      "paymentMethod": "Cheque",
      "status":"Processing"
    },
    {
      "id": 3,
      "name": "Robert",
      "email": "robert@example.com",
      "img": "assets/img/profiles/avatar-16.jpg",
      "paymentId": "#25689827",
      "amount": "$2,2222",
      "date":"19 Dec 2022, 06:12 PM",
      "paymentMethod": "Cheque",
      "status":"Failed"
    },
    {
      "id": 4,
      "name": "Sharonda",
      "email": "sharon@example.com",
      "img": "assets/img/profiles/avatar-17.jpg",
      "paymentId": "#25689828",
      "amount": "$5,222",
      "date":"19 Dec 2022, 06:12 PM",
      "paymentMethod": "Cash",
      "status":"Success"
    },
  
    {
      "id": 5,
      "name": "Pricilla",
      "email": "pricilla@example.com",
      "img": "assets/img/profiles/avatar-18.jpg",
      "paymentId":  "#25689829",
      "amount": "$3,54,220",
      "date":"19 Dec 2022, 06:12 PM",
      "paymentMethod": "Cheque",
      "status":"Processing"
    },
    {
      "id": 6,
      "name": "Randall",
      "email": "randall@example.com",
      "img": "assets/img/profiles/avatar-19.jpg",
      "paymentId":"#25689830" ,
      "amount": "$8,54,220",
      "date":"19 Dec 2022, 06:12 PM",
      "paymentMethod": "Cheque",
      "status":"Failed"
    }
    
  ],
  "totalData": 6
}
