{
    "data": [
      {
        "sNo": 1,
        "companyName": "Orn LLC",
        "mailId": "orn@example.com",
        "amount": "$2000.00",
        "amount2": "$500.00",
        "amount3": "$1500.00",
        "img": "assets/img/profiles/avatar-14.jpg"
      },
      {
        "sNo": 2,
        "companyName": "Accent-e-Technology",
        "mailId": "accent@example.com",
        "amount": "$1000.00",
        "amount2": "$0.00",
        "amount3": "$1000.00",
        "img": "assets/img/profiles/avatar-15.jpg"
      },
      {
        "sNo": 3,
        "companyName": "Express Advertising",
        "mailId": "express@example.com",
        "amount": "$200.00",
        "amount2": "$100.00",
        "amount3": "$300.00",
        "img": "assets/img/profiles/avatar-16.jpg"
      },
      {
        "sNo": 4,
        "companyName": "lexicon Technologies",
        "mailId": "lexicon@example.com",
        "amount": "$1500.00",
        "amount2": "$500.00",
        "amount3": "$1000.00",
        "img": "assets/img/profiles/avatar-17.jpg"
      },
      {
        "sNo": 5,
        "companyName": "Sumo Soft Limited",
        "mailId": "sumo@example.com",
        "amount": "$1000.99",
        "amount2": "$3000.99",
        "amount3": "$2000.99",
        "img": "assets/img/profiles/avatar-18.jpg"
      }
     
    
  
  
     
    ],
    "totalData": 5
  }
  