{
  "data": [
    {
      "sNo": 1,
      "quotationId": "#4905681",
      "name": "John Smith",
      "pho": "+1 843-443-3282",
      "img": "assets/img/profiles/avatar-14.jpg",
      "createdOn": "19 Dec 2022, 06:12 PM",
      "status": "Sent"
      
    },
    {
      "sNo": 2,
      "quotationId": "#4905682",
      "name": "Johnny",
      "pho": "+1 917-409-0861",
      "img": "assets/img/profiles/avatar-15.jpg",
      "createdOn": "19 Dec 2022, 06:12 PM",
      "status": "Accepted"
      
    },
    {
      "sNo": 3,
      "quotationId": "#4905683",
      "name": "Robert ",
      "pho": "+1 956-623-2880",
      "img": "assets/img/profiles/avatar-16.jpg",
      "createdOn": "19 Dec 2022, 06:12 PM",
      "status": "Declined"
      
    },
    
    {
      "sNo": 4,
      "quotationId": "#4905684",
      "name": "Sharonda",
      "pho": "+1 707-439-1732",
      "img": "assets/img/profiles/avatar-17.jpg",
      "createdOn": "19 Dec 2022, 06:12 PM",
      "status": "Expired"
      
      
    },
    {
      "sNo": 5,
      "quotationId": "#4905685", 
      "name": "Pricilla",
      "pho": "+1 989-438-3131",
      "img": "assets/img/profiles/avatar-18.jpg",
      "createdOn": "19 Dec 2022, 06:12 PM",
      "status": "Sent"
    },
    {
      "sNo": 6,
      "quotationId": "#4905686",
      "name": "Randall",
      "pho": "+1 559-741-9672",
      "img": "assets/img/profiles/avatar-19.jpg",
      "createdOn": "19 Dec 2022, 06:12 PM",
      "status": "Accepted"
      
    }
   
   

   
  ],
  "totalData": 6
}
