{
    "data": [
      {
        "id": 1,
        "signaturename": "Allen",
        "signature": "assets/img/user-signature.png"
      
      },
      {
        "id": 2,
        "signaturename": "Raymond",
        "signature": "assets/img/user-signature.png"
      },
      {
        "id": 3,
        "signaturename": "Ralph",
        "signature": "assets/img/user-signature.png"
      },
      {
        "id": 4,
        "signaturename": "Ruth",
        "signature": "assets/img/user-signature.png"
      },
      {
        "id": 5,
        "signaturename": "Steven",
        "signature": "assets/img/user-signature.png"
      },
      {
        "id": 6,
        "signaturename": "Earnes",
        "signature": "assets/img/user-signature.png"
      }
     
    ],
    "totalData": 6
  }
  