{
    "data": [
      {
        "sNo": 1,
        "userName": "John Smith",
        "img":"assets/img/profiles/avatar-02.jpg",
        "email":"john@example.com",
        "content": "Lorem ipsum dolor sit amet, consectetur",
        "createdOn":"19 Dec 2022, 06:12 PM",
        "status":"Active"
      },
      {
        "sNo": 2,
        "userName": "Johnny",
        "img":"assets/img/profiles/avatar-03.jpg",
        "email":"johnny@example.com",
        "content": "Lorem ipsum dolor sit amet, consectetur",
        "createdOn":"15 Dec 2022, 06:12 PM",
        "status":"Active"
      },
      {
        "sNo": 3,
        "userName": "Robert ",
        "img":"assets/img/profiles/avatar-04.jpg",
        "email":"robert@example.com",
        "content": "Lorem ipsum dolor sit amet, consectetur",
        "createdOn":"04 Dec 2022, 12:38 PM",
        "status":"Deactive"
      },
      
      {
        "sNo": 4,
        "userName": "Sharonda",
        "img":"assets/img/profiles/avatar-05.jpg",
        "email":"sharon@example.com",
        "content": "Lorem ipsum dolor sit amet, consectetur",
        "createdOn":"14 Dec 2022, 12:38 PM",
        "status":"Active"
        
      },
      {
        "sNo": 5,
        "userName": "Pricilla",
        "img":"assets/img/profiles/avatar-06.jpg",
        "email":"pricilla@example.com",
        "content": "Lorem ipsum dolor sit amet, consectetur",
        "createdOn":"12 Dec 2022, 12:38 PM",
        "status":"Active"
      },
      {
        "sNo": 6,
        "userName": "Randall",
        "img":"assets/img/profiles/avatar-07.jpg",
        "email":"randall@example.com",
        "content": "Lorem ipsum dolor sit amet, consectetur",
        "createdOn":"04 Dec 2022, 12:38 PM",
        "status":"Deactive"
      }
     
      
    ],
    "totalData": 9
  }
  