{
    "data": [
      {
        "ticketId":"#4987",
        "subject": "Support for theme",
        "assigned": "Charles Hafner",
        "assignedPerson": "assets/img/profiles/avatar-07.jpg",
        "assignedDate": "17 Dec 2022",
        "createdOn": "19 Dec 2022, 6:12PM",
        "dueDate": "16 Jan 2023",
        "assignee": "John Smith",
        "assigneeImg":"assets/img/profiles/avatar-14.jpg",
        "assigneePho":"+1 843-443-3282",
        "lastReply":"18 Jan 2023",
        "priority": "Medium",
        "status": "Open"
        
      },
      {
        "ticketId": "#4988",
        "subject": "verify your email",
        "assigned": "Michel",
        "assignedPerson": "assets/img/profiles/avatar-11.jpg",
        "assignedDate": "21 Dec 2022",
        "createdOn": "23 Dec 2022, 6:12PM",
        "dueDate": "28 Feb 2023",
        "assignee": "Johnny",
        "assigneeImg":"assets/img/profiles/avatar-18.jpg",
        "assigneePho":"+1 843-443-4298",
        "lastReply":"21 Jan 2023",
        "priority": "Low",
        "status": "Open"
       
      }
     
     
      
    ],
    "totalData": 2
  }
  