{
    "data": [
      {
        "ticketId":"#4987",
        "subject": "Support for theme",
        "assigned": "Charles Hafner",
        "assignedPerson": "assets/img/profiles/avatar-07.jpg",
        "assignedDate": "17 Dec 2022",
        "createdOn": "19 Dec 2022, 6:12PM",
        "dueDate": "16 Jan 2023",
        "assignee": "John Smith",
        "assigneeImg":"assets/img/profiles/avatar-01.jpg",
        "assigneePho":"+1 843-443-3282",
        "lastReply":"18 Jan 2023",
        "priority": "Medium",
        "status": "Recurring"
        
      },
      {
        "ticketId": "#4988",
        "subject": "verify your email",
        "assigned": "Michel",
        "assignedPerson": "assets/img/profiles/avatar-02.jpg",
        "assignedDate": "21 Dec 2022",
        "createdOn": "23 Dec 2022, 6:12PM",
        "dueDate": "28 Feb 2023",
        "assignee": "John Smith",
        "assigneeImg":"assets/img/profiles/avatar-05.jpg",
        "assigneePho":"+1 843-443-4298",
        "lastReply":"21 Jan 2023",
        "priority": "Low",
        "status": "Recurring"
       
      },
      {
        "ticketId": "#4989",
        "subject": "Calling for help",
        "assigned": "Sharonda",
        "assignedPerson": "assets/img/profiles/avatar-04.jpg",
        "assignedDate": "28 Jan 2022",
        "createdOn": "29 Jan 2022, 6:12PM",
        "dueDate": "28 Mar 2023",
        "assignee": "Pricilla ",
        "assigneeImg":"assets/img/profiles/avatar-06.jpg",
        "assigneePho":"+1 843-443-5298",
        "lastReply":"21 Jan 2023",
        "priority": "High",
        "status": "Recurring"
        
      },
      {
        "ticketId": "#4990",
        "subject": "Management",
        "assigned": "Sharonda",
        "assignedPerson": "assets/img/profiles/avatar-08.jpg",
        "assignedDate": "27 Feb 2022",
        "createdOn": "28 Feb 2022, 6:12PM",
        "dueDate": "29 Mar 2023",
        "assignee": "Randall",
        "assigneeImg":"assets/img/profiles/avatar-09.jpg",
        "assigneePho":"+1 843-443-5298",
        "lastReply":"25 Jan 2023",
        "priority": "Medium",
        "status": "Recurring"
        
      },
      {
        "ticketId": "#4991",
        "subject": "verify your email",
        "assigned": "Esther",
        "assignedPerson": "assets/img/profiles/avatar-11.jpg",
        "assignedDate": "21 Dec 2022",
        "createdOn": "23 Dec 2022, 6:12PM",
        "dueDate": "28 Feb 2023",
        "assignee": "Charles Hafner",
        "assigneeImg":"assets/img/profiles/avatar-07.jpg",
        "assigneePho":"1 843-443-4298",
        "lastReply":"21 Jan 2023",
        "priority": "Low",
        "status": "Recurring"
       
      },
      {
        "ticketId": "#4992",
        "subject": "Calling for help",
        "assigned": "Randall",
        "assignedPerson": "assets/img/profiles/avatar-09.jpg",
        "assignedDate": "28 Jan 2022",
        "createdOn": "30 Jan 2022, 6:12PM",
        "dueDate": "29 Mar 2023",
        "assignee": "Sharonda",
        "assigneeImg":"assets/img/profiles/avatar-04.jpg",
        "assigneePho":"+1 843-443-4987",
        "lastReply":"21 Jan 2023",
        "priority": "High",
        "status": "Recurring"
        
      },
      {
        "ticketId":"#4987",
        "subject": "Support for theme",
        "assigned": "Charles Hafner",
        "assignedPerson": "assets/img/profiles/avatar-07.jpg",
        "assignedDate": "17 Dec 2022",
        "createdOn": "19 Dec 2022, 6:12PM",
        "dueDate": "16 Jan 2023",
        "assignee": "John Smith",
        "assigneeImg":"assets/img/profiles/avatar-01.jpg",
        "assigneePho":"+1 843-443-3282",
        "lastReply":"18 Jan 2023",
        "priority": "Medium",
        "status": "Recurring"
        
      },
      {
        "ticketId": "#4993",
        "subject": "verify your email",
        "assigned": "Michel",
        "assignedPerson": "assets/img/profiles/avatar-02.jpg",
        "assignedDate": "21 Dec 2022",
        "createdOn": "23 Dec 2022, 6:12PM",
        "dueDate": "28 Feb 2023",
        "assignee": "John Smith",
        "assigneeImg":"assets/img/profiles/avatar-05.jpg",
        "assigneePho":"+1 843-443-4298",
        "lastReply":"21 Jan 2023",
        "priority": "Low",
        "status": "Recurring"
       
      },
      {
        "ticketId": "#4994",
        "subject": "Calling for help",
        "assigned": "Sharonda",
        "assignedPerson": "assets/img/profiles/avatar-04.jpg",
        "assignedDate": "28 Jan 2022",
        "createdOn": "29 Jan 2022, 6:12PM",
        "dueDate": "28 Mar 2023",
        "assignee": "Pricilla",
        "assigneeImg":"assets/img/profiles/avatar-06.jpg",
        "assigneePho":"+1 843-443-5298",
        "lastReply":"21 Jan 2023",
        "priority": "High",
        "status": "Recurring"
       
      }
      
    ],
    "totalData": 9
  }
  