{
    "data": [
      {
        "sNo": 1,
        "type": "Wallet Topup",
        "amount":"+$650",
        "date": "19 Dec 2022, 06:12 PM",
        "paymentType": "Paypal",
        "status": "Completed"
      },
      {
        "sNo": 2,
        "type": "Purchase",
        "amount":"+$350",
        "date": "19 Dec 2022, 06:12 PM",
        "paymentType": "Cash",
        "status": "Cancel"
      },
      {
        "sNo": 3,
        "type": "Refund",
        "amount":"+100",
        "date": "20 Jan 2022, 06:12 PM",
        "paymentType": "Paypal",
        "status": "Completed"
      },
      {
        "sNo": 4,
        "type": "Wallet Topup",
        "amount":"-$650",
        "date": "20 Jun 2022, 06:12 PM",
        "paymentType": "Cash",
        "status": "Completed"
      },
      {
        "sNo": 5,
        "type": "Purchase",
        "amount":"+$350",
        "date": "19 Dec 2022, 06:12 PM",
        "paymentType": "Paypal",
        "status": "Cancel"
      },
      {
        "sNo": 6,
        "type": "Refund",
        "amount":"+$100",
        "date": "15 Jan 2022, 06:12 PM",
        "paymentType": "Cash",
        "status": "Cancel"
      },
      {
        "sNo": 7,
        "type": "Wallet Topup",
        "amount":"+$650",
        "date": "19 Dec 2022, 06:12 PM",
        "paymentType": "Paypal",
        "status": "Completed"
      },
      {
        "sNo": 8,
        "type": "Purchase",
        "amount":"+$350",
        "date": "19 Dec 2022, 06:12 PM",
        "paymentType": "Cash",
        "status": "Cancel"
      },
      {
        "sNo": 9,
        "type": "Refund",
        "amount":"+100",
        "date": "20 Jan 2022, 06:12 PM",
        "paymentType": "Paypal",
        "status": "Completed"
      },
      {
        "sNo": 10,
        "type": "Purchase",
        "amount":"+$350",
        "date": "19 Dec 2022, 06:12 PM",
        "paymentType": "Paypal",
        "status": "Cancel"
      }
    ],
    "totalData": 10
  }
  