{
    "data": [
      {
        "id": "1",
        "unit": "Kilogram",
        "short": "kg"        
      },
      {
        "id": "2",
        "unit": "Gram",
        "short": "g"  
      },
      {
        "id": "3",
        "unit": "Liter",
        "short": "l"  
      },
     
      {
        "id": "4",
      "unit": "Milliliter",
      "short": "ml"  
      },
      {
        "id": "5",
        "unit": "Pack",
        "short": "pk"  
      },
     
      {
        "id": "6",
        "unit": "Piece",
        "short": "pc"  
      },
      {
        "id": "7",
        "unit": "Kilogram",
        "short": "kg"  
      },
      {
        "id": "8",
        "unit": "Gram",
        "short": "g"  
      },
      {
        "id": "9",
        "unit": "Liter",
        "short": "l"  
      }
    ],
    "totalData": 9
  }
  