{
  "data": [
    {
      "sNo": 1,
      "name": "John Smith",
      "img":"assets/img/profiles/avatar-14.jpg",
      "email":"john@example.com",
      "phone": "+1 989-438-3131",
      "created": "19 Dec 2022, 06:12 PM",
      "balance": "$4,220"
      
    },
    {
      "sNo": 2,
      "name": "Johnny Charles",
      "img":"assets/img/profiles/avatar-15.jpg",
      "email":"johnny@example.com",
      "phone": "+1 843-443-3282",
      "created": "15 Dec 2022, 06:12 PM",
      "balance": "$1,862"        
    },
    {
      "sNo": 3,
      "name": "Robert George",
      "img":"assets/img/profiles/avatar-16.jpg",
      "email":"robert@example.com",
      "phone": "+1 917-409-0861",
      "created": "04 Dec 2022, 12:38 PM",
      "balance": "$2,789"        
    },
    {
      "sNo": 4,
      "name": "Sharonda Letha",
      "img":"assets/img/profiles/avatar-17.jpg",
      "email":"johnny@example.com",
      "phone": "+1 956-623-2880",
      "created": "14 Dec 2022, 12:38 PM",
      "balance": "$6,789"
      
    },
    {
      "sNo": 5,
      "name": "Pricilla Maureen",
      "img":"assets/img/profiles/avatar-18.jpg",
      "email":"pricilla@example.com",
      "phone": "+1 956-613-2880",
      "created": "12 Dec 2022, 12:38 PM",
      "balance": "$1,789"
     
    },
    {
      "sNo": 6,
      "name": "Randall Hollis",
      "img":"assets/img/profiles/avatar-19.jpg",
      "email":"randall@example.com",
      "phone": "+1 117-409-0861",
      "created": "04 Dec 2022, 12:38 PM",
      "balance": "$1,789"
     
    }
   
  ],
  "totalData": 6
}
